{
  "implementation_comparison": {
    "grid_sizes": [
      16,
      32,
      64
    ],
    "implementations": [
      "Loop-based (Baseline)",
      "NumPy Vectorized",
      "PyTorch (CPU)",
      "PyTorch (GPU)"
    ],
    "processing_times": {
      "Loop-based (Baseline)": [
        4.305498269000964,
        16.53707425766576,
        79.54625270233373
      ],
      "NumPy Vectorized": [
        0.20955816600180696,
        0.6386696537985699,
        2.3393548990003183
      ],
      "PyTorch (CPU)": [
        0.07079159439890645,
        0.09230920019908809,
        0.241769326798385
      ],
      "PyTorch (GPU)": [
        0.2158618179993937,
        0.2893886192003265,
        1.9832395920006092
      ]
    },
    "processing_stds": {
      "Loop-based (Baseline)": [
        0.22924330457955772,
        0.3901636341747446,
        19.116357099454902
      ],
      "NumPy Vectorized": [
        0.007571026103010792,
        0.03479383782194239,
        0.03949691204872653
      ],
      "PyTorch (CPU)": [
        0.0050256357011787016,
        0.04855237959983449,
        0.004767337439021402
      ],
      "PyTorch (GPU)": [
        0.006711803791743765,
        0.0022840976485844783,
        0.05835080875393338
      ]
    },
    "memory_usage": {
      "Loop-based (Baseline)": [
        23.278368949890137,
        24.232194900512695,
        27.284714698791504
      ],
      "NumPy Vectorized": [
        18.158679962158203,
        45.087900161743164,
        154.13697814941406
      ],
      "PyTorch (CPU)": [
        39.06656551361084,
        39.067009925842285,
        39.06656551361084
      ],
      "PyTorch (GPU)": [
        27.00139617919922,
        27.00164794921875,
        27.001792907714844
      ]
    },
    "speedups": {
      "Loop-based (Baseline)": [
        1.0,
        1.0,
        1.0
      ],
      "NumPy Vectorized": [
        20.545600064870957,
        25.89300142774811,
        34.00349931356136
      ],
      "PyTorch (CPU)": [
        60.81934310929255,
        179.1487113093753,
        329.017141072939
      ],
      "PyTorch (GPU)": [
        19.945622198980356,
        57.144867352983674,
        40.10925004885103
      ]
    },
    "gpu_info": {
      "name": "NVIDIA GeForce RTX 2050",
      "memory_gb": 4.294508544,
      "device": "cuda:0"
    }
  },
  "scaling_analysis": {
    "image_sizes": [
      [
        256,
        256
      ],
      [
        512,
        512
      ],
      [
        1024,
        1024
      ],
      [
        2048,
        2048
      ]
    ],
    "total_pixels": [
      65536,
      262144,
      1048576,
      4194304
    ],
    "implementations": [
      "Loop-based (Baseline)",
      "NumPy Vectorized",
      "PyTorch (CPU)",
      "PyTorch (GPU)"
    ],
    "processing_times": {
      "Loop-based (Baseline)": [
        16.148575240003993,
        16.159345486998063,
        16.31066425899553,
        20.36064268949849
      ],
      "NumPy Vectorized": [
        0.5931338643349591,
        0.5890323246640037,
        0.717221064332989,
        0.8422632353346368
      ],
      "PyTorch (CPU)": [
        0.04685615166575493,
        0.050224288665049244,
        0.06215965033334214,
        0.26111374033401563
      ],
      "PyTorch (GPU)": [
        0.4989004640010535,
        0.5407006946649441,
        0.25631121900126647,
        0.730441409330524
      ]
    },
    "processing_stds": {
      "Loop-based (Baseline)": [
        0.115104001997679,
        0.03012194599796203,
        0.33102770000186865,
        2.315744892497605
      ],
      "NumPy Vectorized": [
        0.032965551524270546,
        0.022796109849851497,
        0.06569322358468703,
        0.041240219659494
      ],
      "PyTorch (CPU)": [
        0.004407457956697927,
        0.0023406826287200757,
        0.0029948254089665768,
        0.012038930913793267
      ],
      "PyTorch (GPU)": [
        0.00781611130441321,
        0.02375917494441989,
        0.020039542444773784,
        0.12658215208208015
      ]
    },
    "memory_usage": {
      "Loop-based (Baseline)": [
        2.3378658294677734,
        6.683502197265625,
        24.022239685058594,
        93.44688606262207
      ],
      "NumPy Vectorized": [
        36.46397018432617,
        38.237754821777344,
        44.810874938964844,
        72.2610092163086
      ],
      "PyTorch (CPU)": [
        2.503739356994629,
        9.816239356994629,
        39.06623935699463,
        156.0661907196045
      ],
      "PyTorch (GPU)": [
        1.6887502670288086,
        6.751298904418945,
        27.001298904418945,
        108.00125026702881
      ]
    }
  }
}